{
    "F_fanger": {
        "ET": {
            "model_name": "ET",
            "feature_set": "F_fanger",
            "best_params": {
                "clf__n_estimators": 200,
                "clf__min_samples_split": 8,
                "clf__min_samples_leaf": 2,
                "clf__max_features": null,
                "clf__max_depth": 120,
                "clf__criterion": "gini",
                "clf__bootstrap": true
            },
            "cv_accuracy": 0.7364026179192057,
            "test_accuracy": 0.7516629711751663,
            "test_precision": 0.7528638520094167,
            "test_recall": 0.7611544991511036,
            "test_f1": 0.7558142467207611,
            "cohen_kappa": 0.6254985987336703,
            "rep_cv_accuracy_mean": 0.7520509413067553,
            "rep_cv_accuracy_std": 0.02075874032941642,
            "rep_cv_precision_mean": 0.7538199551712466,
            "rep_cv_precision_std": 0.020446735577790098,
            "rep_cv_recall_mean": 0.7642541330468408,
            "rep_cv_recall_std": 0.019450990550700518,
            "rep_cv_f1_mean": 0.7557432862624291,
            "rep_cv_f1_std": 0.020579759103712642,
            "rep_cv_cohen_kappa_mean": 0.6267785888214384,
            "rep_cv_cohen_kappa_std": 0.03101934162637184
        },
        "RF": {
            "model_name": "RF",
            "feature_set": "F_fanger",
            "best_params": {
                "clf__n_estimators": 100,
                "clf__min_samples_split": 10,
                "clf__min_samples_leaf": 1,
                "clf__max_features": null,
                "clf__max_depth": 90,
                "clf__criterion": "log_loss",
                "clf__bootstrap": true
            },
            "cv_accuracy": 0.7383299480929812,
            "test_accuracy": 0.7494456762749445,
            "test_precision": 0.7489201071618655,
            "test_recall": 0.7608978090387258,
            "test_f1": 0.7519931262312408,
            "cohen_kappa": 0.6231885129539808,
            "rep_cv_accuracy_mean": 0.7607109634551495,
            "rep_cv_accuracy_std": 0.01886641121984641,
            "rep_cv_precision_mean": 0.7626476405237365,
            "rep_cv_precision_std": 0.0192545434362261,
            "rep_cv_recall_mean": 0.7715524743895701,
            "rep_cv_recall_std": 0.01806937440686889,
            "rep_cv_f1_mean": 0.7650550158253658,
            "rep_cv_f1_std": 0.018744684870699913,
            "rep_cv_cohen_kappa_mean": 0.6393834196266955,
            "rep_cv_cohen_kappa_std": 0.02830563132470382
        },
        "SVC": {
            "model_name": "SVC",
            "feature_set": "F_fanger",
            "best_params": {
                "clf__kernel": "rbf",
                "clf__gamma": "scale",
                "clf__degree": 3,
                "clf__C": 1
            },
            "cv_accuracy": 0.7021620401715188,
            "test_accuracy": 0.6762749445676275,
            "test_precision": 0.6760167029774874,
            "test_recall": 0.6935471743875818,
            "test_f1": 0.676409287136969,
            "cohen_kappa": 0.5149787491068731,
            "rep_cv_accuracy_mean": 0.7009222591362126,
            "rep_cv_accuracy_std": 0.01859632770620821,
            "rep_cv_precision_mean": 0.7015958444100642,
            "rep_cv_precision_std": 0.019324343499911134,
            "rep_cv_recall_mean": 0.7186091876793913,
            "rep_cv_recall_std": 0.01693085084611679,
            "rep_cv_f1_mean": 0.7008673046866113,
            "rep_cv_f1_std": 0.019483421547511308,
            "rep_cv_cohen_kappa_mean": 0.5520489646132472,
            "rep_cv_cohen_kappa_std": 0.027380387369696436
        }
    },
    "F_selected": {
        "ET": {
            "model_name": "ET",
            "feature_set": "F_selected",
            "best_params": {
                "clf__n_estimators": 200,
                "clf__min_samples_split": 8,
                "clf__min_samples_leaf": 1,
                "clf__max_features": "log2",
                "clf__max_depth": 30,
                "clf__criterion": "entropy",
                "clf__bootstrap": true
            },
            "cv_accuracy": 0.8458261311642093,
            "test_accuracy": 0.8172757475083057,
            "test_precision": 0.8173459873459873,
            "test_recall": 0.8238841802005347,
            "test_f1": 0.8197911148092641,
            "cohen_kappa": 0.7244415593062352,
            "rep_cv_accuracy_mean": 0.8239787375415282,
            "rep_cv_accuracy_std": 0.02373977979926222,
            "rep_cv_precision_mean": 0.8330398044587999,
            "rep_cv_precision_std": 0.021635986910008186,
            "rep_cv_recall_mean": 0.8240843558596224,
            "rep_cv_recall_std": 0.024585853582470858,
            "rep_cv_f1_mean": 0.827198543281158,
            "rep_cv_f1_std": 0.023378150294420003,
            "rep_cv_cohen_kappa_mean": 0.7324254375465745,
            "rep_cv_cohen_kappa_std": 0.03642714840444053
        },
        "RF": {
            "model_name": "RF",
            "feature_set": "F_selected",
            "best_params": {
                "clf__n_estimators": 200,
                "clf__min_samples_split": 8,
                "clf__min_samples_leaf": 1,
                "clf__max_features": "log2",
                "clf__max_depth": 30,
                "clf__criterion": "entropy",
                "clf__bootstrap": true
            },
            "cv_accuracy": 0.8422597864768683,
            "test_accuracy": 0.8106312292358804,
            "test_precision": 0.811457998929909,
            "test_recall": 0.8165677859105034,
            "test_f1": 0.8135556939920418,
            "cohen_kappa": 0.7140976503916014,
            "rep_cv_accuracy_mean": 0.8227729789590255,
            "rep_cv_accuracy_std": 0.022079455724061232,
            "rep_cv_precision_mean": 0.8307650127664702,
            "rep_cv_precision_std": 0.02036469211211868,
            "rep_cv_recall_mean": 0.8240297657765515,
            "rep_cv_recall_std": 0.022786324798767077,
            "rep_cv_f1_mean": 0.8263646996308698,
            "rep_cv_f1_std": 0.02174875705818472,
            "rep_cv_cohen_kappa_mean": 0.7308349663463046,
            "rep_cv_cohen_kappa_std": 0.03383156591379631
        },
        "SVC": {
            "model_name": "SVC",
            "feature_set": "F_selected",
            "best_params": {
                "clf__kernel": "rbf",
                "clf__gamma": "scale",
                "clf__degree": 1,
                "clf__C": 100
            },
            "cv_accuracy": 0.8629664463650227,
            "test_accuracy": 0.8239202657807309,
            "test_precision": 0.8238695249004527,
            "test_recall": 0.8337991043466411,
            "test_f1": 0.8263663663663663,
            "cohen_kappa": 0.7352902133873163,
            "rep_cv_accuracy_mean": 0.8302392026578072,
            "rep_cv_accuracy_std": 0.021490261768824955,
            "rep_cv_precision_mean": 0.834982640811695,
            "rep_cv_precision_std": 0.019249212322668616,
            "rep_cv_recall_mean": 0.8321465307513947,
            "rep_cv_recall_std": 0.02279444973100513,
            "rep_cv_f1_mean": 0.832875508775682,
            "rep_cv_f1_std": 0.021086307207089195,
            "rep_cv_cohen_kappa_mean": 0.7425822280768252,
            "rep_cv_cohen_kappa_std": 0.03298277598810168
        }
    },
    "F_accessible": {
        "ET": {
            "model_name": "ET",
            "feature_set": "F_accessible",
            "best_params": {
                "clf__n_estimators": 200,
                "clf__min_samples_split": 8,
                "clf__min_samples_leaf": 1,
                "clf__max_features": "log2",
                "clf__max_depth": 30,
                "clf__criterion": "entropy",
                "clf__bootstrap": true
            },
            "cv_accuracy": 0.8230151207402392,
            "test_accuracy": 0.802660753880266,
            "test_precision": 0.8034632034632034,