,Feature_Set,Model,CV Accuracy,Test Accuracy,Test Precision,Test Recall,Test F1,Cohen Kappa
0,F_fanger,ET,0.7364206725344167,0.7671840354767184,0.768226368851201,0.7756407146899508,0.7706561496059109,0.6487591045971726
1,F_fanger,SVC,0.7021620401715188,0.6762749445676275,0.6760167029774874,0.6935471743875818,0.676409287136969,0.5149787491068731
2,F_all,ET,0.8334822839088243,0.802660753880266,0.8033111215578588,0.8092505457191366,0.805831257584467,0.7020605394813022
3,F_all,SVC,0.8230060934326338,0.8093126385809313,0.8083214624881291,0.8176845339154338,0.8114912994067073,0.7127835250035175
4,F_accessible,ET,0.8287248928007221,0.8070953436807096,0.8079659659898901,0.8138434796669092,0.8104106197997695,0.7087449987752104
5,F_accessible,SVC,0.8115955766192732,0.8181818181818182,0.8172560023246521,0.8276538119492279,0.8201502274404078,0.726498886974271
