Feature_Set,Model,CV Accuracy,Accuracy,Precision Score,Recall Score,F1 Score,Cohen's Kappa Score
F_fanger,ET,0.7364026179192057,0.7516629711751663,0.7528638520094167,0.7611544991511036,0.7558142467207611,0.6254985987336703
F_fanger,RF,0.7383299480929812,0.7494456762749445,0.7489201071618655,0.7608978090387258,0.7519931262312408,0.6231885129539808
F_fanger,SVC,0.7021620401715188,0.6762749445676275,0.6760167029774874,0.6935471743875818,0.676409287136969,0.5149787491068731
F_selected,ET,0.8458261311642093,0.8172757475083057,0.8173459873459873,0.8238841802005347,0.8197911148092641,0.7244415593062352
F_selected,RF,0.8422597864768683,0.8106312292358804,0.811457998929909,0.8165677859105034,0.8135556939920418,0.7140976503916014
F_selected,SVC,0.8629664463650227,0.8239202657807309,0.8238695249004527,0.8337991043466411,0.8263663663663663,0.7352902133873163
F_accessible,ET,0.8230151207402392,0.802660753880266,0.8034632034632034,0.809745735306007,0.8061070261437909,0.7021224489795919
F_accessible,RF,0.8106657639359061,0.8093126385809313,0.8100800176701505,0.8126958525345622,0.811289933751908,0.7115574825050013
F_accessible,SVC,0.8115955766192732,0.8181818181818182,0.8172560023246521,0.8276538119492279,0.8201502274404078,0.726498886974271
